{
  "Ansi 5 Color" : {
    "Blue Component" : 0.43516635894775391,
    "Green Component" : 0.10802463442087173,
    "Red Component" : 0.77738940715789795
  },
  "Working Directory" : "\/Users\/liuyangming",
  "Prompt Before Closing 2" : false,
  "Selected Text Color" : {
    "Blue Component" : 0.56363654136657715,
    "Green Component" : 0.56485837697982788,
    "Red Component" : 0.50599193572998047
  },
  "Rows" : 25,
  "Ansi 11 Color" : {
    "Blue Component" : 0.43850564956665039,
    "Green Component" : 0.40717673301696777,
    "Red Component" : 0.32436618208885193
  },
  "Use Italic Font" : true,
  "Foreground Color" : {
    "Blue Component" : 0.51685798168182373,
    "Green Component" : 0.50962930917739868,
    "Red Component" : 0.44058024883270264
  },
  "Right Option Key Sends" : 0,
  "Character Encoding" : 4,
  "Selection Color" : {
    "Blue Component" : 0.19370138645172119,
    "Green Component" : 0.15575926005840302,
    "Red Component" : 0
  },
  "Triggers" : [
    {
      "partial" : true,
      "parameter" : "liuyangming",
      "regex" : "^Password:",
      "action" : "PasswordTrigger"
    }
  ],
  "Blend" : 0.28255333533653854,
  "Mouse Reporting" : true,
  "Ansi 4 Color" : {
    "Blue Component" : 0.78231418132781982,
    "Green Component" : 0.46265947818756104,
    "Red Component" : 0.12754884362220764
  },
  "Non-ASCII Anti Aliased" : true,
  "Sync Title" : false,
  "Disable Window Resizing" : true,
  "Description" : "Default",
  "Close Sessions On End" : true,
  "Jobs to Ignore" : [
    "rlogin",
    "ssh",
    "slogin",
    "telnet"
  ],
  "Scrollback Lines" : 1000,
  "Prevent Opening in a Tab" : false,
  "Flashing Bell" : false,
  "Cursor Guide Color" : {
    "Red Component" : 0.70213186740875244,
    "Color Space" : "sRGB",
    "Blue Component" : 1,
    "Alpha Component" : 0.25,
    "Green Component" : 0.9268307089805603
  },
  "BM Growl" : false,
  "Ansi 3 Color" : {
    "Blue Component" : 0.023484811186790466,
    "Green Component" : 0.46751424670219421,
    "Red Component" : 0.64746475219726562
  },
  "Use Non-ASCII Font" : false,
  "Link Color" : {
    "Red Component" : 0,
    "Color Space" : "sRGB",
    "Blue Component" : 0.73423302173614502,
    "Alpha Component" : 1,
    "Green Component" : 0.35916060209274292
  },
  "Shortcut" : "",
  "Background Image Location" : "",
  "Bold Color" : {
    "Blue Component" : 0.56363654136657715,
    "Green Component" : 0.56485837697982788,
    "Red Component" : 0.50599193572998047
  },
  "Use Cursor Guide" : false,
  "Unlimited Scrollback" : false,
  "Custom Command" : "No",
  "Keyboard Map" : {
    "0xf704-0x20000" : {
      "Action" : 10,
      "Text" : "[1;2P"
    },
    "0xf700-0x260000" : {
      "Action" : 10,
      "Text" : "[1;6A"
    },
    "0x37-0x40000" : {
      "Action" : 11,
      "Text" : "0x1f"
    },
    "0x32-0x40000" : {
      "Action" : 11,
      "Text" : "0x00"
    },
    "0xf709-0x20000" : {
      "Action" : 10,
      "Text" : "[17;2~"
    },
    "0xf70c-0x20000" : {
      "Action" : 10,
      "Text" : "[20;2~"
    },
    "0xf729-0x20000" : {
      "Action" : 10,
      "Text" : "[1;2H"
    },
    "0xf72b-0x40000" : {
      "Action" : 10,
      "Text" : "[1;5F"
    },
    "0xf705-0x20000" : {
      "Action" : 10,
      "Text" : "[1;2Q"
    },
    "0xf703-0x260000" : {
      "Action" : 10,
      "Text" : "[1;6C"
    },
    "0xf700-0x220000" : {
      "Action" : 10,
      "Text" : "[1;2A"
    },
    "0xf701-0x280000" : {
      "Action" : 11,
      "Text" : "0x1b 0x1b 0x5b 0x42"
    },
    "0x6c-0x100000" : {
      "Action" : 11,
      "Text" : "0x02 0x0C"
    },
    "0x38-0x40000" : {
      "Action" : 11,
      "Text" : "0x7f"
    },
    "0x33-0x40000" : {
      "Action" : 11,
      "Text" : "0x1b"
    },
    "0xf703-0x220000" : {
      "Action" : 10,
      "Text" : "[1;2C"
    },
    "0xf701-0x240000" : {
      "Action" : 10,
      "Text" : "[1;5B"
    },
    "0xf70d-0x20000" : {
      "Action" : 10,
      "Text" : "[21;2~"
    },
    "0xf702-0x260000" : {
      "Action" : 10,
      "Text" : "[1;6D"
    },
    "0xf729-0x40000" : {
      "Action" : 10,
      "Text" : "[1;5H"
    },
    "0xf706-0x20000" : {
      "Action" : 10,
      "Text" : "[1;2R"
    },
    "0x34-0x40000" : {
      "Action" : 11,
      "Text" : "0x1c"
    },
    "0xf700-0x280000" : {
      "Action" : 11,
      "Text" : "0x1b 0x1b 0x5b 0x41"
    },
    "0x2d-0x40000" : {
      "Action" : 11,
      "Text" : "0x1f"
    },
    "0xf70e-0x20000" : {
      "Action" : 10,
      "Text" : "[23;2~"
    },
    "0xf702-0x220000" : {
      "Action" : 10,
      "Text" : "[1;2D"
    },
    "0xf703-0x280000" : {
      "Action" : 11,
      "Text" : "0x1b 0x1b 0x5b 0x43"
    },
    "0xf700-0x240000" : {
      "Action" : 10,
      "Text" : "[1;5A"
    },
    "0xf707-0x20000" : {
      "Action" : 10,
      "Text" : "[1;2S"
    },
    "0xf70a-0x20000" : {
      "Action" : 10,
      "Text" : "[18;2~"
    },
    "0x35-0x40000" : {
      "Action" : 11,
      "Text" : "0x1d"
    },
    "0xf70f-0x20000" : {
      "Action" : 10,
      "Text" : "[24;2~"
    },
    "0xf703-0x240000" : {
      "Action" : 10,
      "Text" : "[1;5C"
    },
    "0xf701-0x260000" : {
      "Action" : 10,
      "Text" : "[1;6B"
    },
    "0xf702-0x280000" : {
      "Action" : 11,
      "Text" : "0x1b 0x1b 0x5b 0x44"
    },
    "0xf72b-0x20000" : {
      "Action" : 10,
      "Text" : "[1;2F"
    },
    "0x36-0x40000" : {
      "Action" : 11,
      "Text" : "0x1e"
    },
    "0xf708-0x20000" : {
      "Action" : 10,
      "Text" : "[15;2~"
    },
    "0xf701-0x220000" : {
      "Action" : 10,
      "Text" : "[1;2B"
    },
    "0xf70b-0x20000" : {
      "Action" : 10,
      "Text" : "[19;2~"
    },
    "0xf702-0x240000" : {
      "Action" : 10,
      "Text" : "[1;5D"
    },
    "0x73-0x100000" : {
      "Action" : 11,
      "Text" : "0x02 0x73"
    }
  },
  "Ansi 14 Color" : {
    "Blue Component" : 0.56363654136657715,
    "Green Component" : 0.56485837697982788,
    "Red Component" : 0.50599193572998047
  },
  "Ansi 2 Color" : {
    "Blue Component" : 0.020208755508065224,
    "Green Component" : 0.54115492105484009,
    "Red Component" : 0.44977453351020813
  },
  "Background Image Is Tiled" : false,
  "Send Code When Idle" : false,
  "ASCII Anti Aliased" : true,
  "Tags" : [

  ],
  "Ansi 9 Color" : {
    "Blue Component" : 0.073530435562133789,
    "Green Component" : 0.21325300633907318,
    "Red Component" : 0.74176257848739624
  },
  "Use Bold Font" : true,
  "Silence Bell" : false,
  "Ansi 12 Color" : {
    "Blue Component" : 0.51685798168182373,
    "Green Component" : 0.50962930917739868,
    "Red Component" : 0.44058024883270264
  },
  "Window Type" : 0,
  "Use Bright Bold" : true,
  "Cursor Text Color" : {
    "Blue Component" : 0.19370138645172119,
    "Green Component" : 0.15575926005840302,
    "Red Component" : 0
  },
  "Default Bookmark" : "No",
  "Cursor Color" : {
    "Blue Component" : 0.51685798168182373,
    "Green Component" : 0.50962930917739868,
    "Red Component" : 0.44058024883270264
  },
  "Ansi 1 Color" : {
    "Blue Component" : 0.14145714044570923,
    "Green Component" : 0.10840655118227005,
    "Red Component" : 0.81926977634429932
  },
  "Name" : "LYM",
  "Blinking Cursor" : false,
  "Guid" : "126EAEF5-4AE9-4750-A5E1-F55816C2E364",
  "Idle Code" : 0,
  "Ansi 10 Color" : {
    "Blue Component" : 0.38298487663269043,
    "Green Component" : 0.35665956139564514,
    "Red Component" : 0.27671992778778076
  },
  "Ansi 8 Color" : {
    "Blue Component" : 0.15170273184776306,
    "Green Component" : 0.11783610284328461,
    "Red Component" : 0
  },
  "Badge Color" : {
    "Red Component" : 1,
    "Color Space" : "sRGB",
    "Blue Component" : 0,
    "Alpha Component" : 0.5,
    "Green Component" : 0.1491314172744751
  },
  "Automatically Log" : false,
  "Ambiguous Double Width" : false,
  "Cursor Type" : 2,
  "Ansi 0 Color" : {
    "Blue Component" : 0.19370138645172119,
    "Green Component" : 0.15575926005840302,